"height";"weight";"age";"male"
151.765;47.8256065;63;1
139.7;36.4858065;63;0
136.525;31.864838;65;0
156.845;53.0419145;41;1
